,DOF,ncols,runtime,maxE
0,12288,2048,284.3054784,0.00013161633070590817
1,6144,1024,94.124865,0.0008359824497574664
2,3072,512,32.871462099999974,0.004668065197291682
3,1536,256,12.98847790000002,0.02932484288826842
4,768,128,5.742534299999988,0.2489309177594663
5,384,64,2.5513828999999077,1.3390154409371053
6,192,32,1.1173687000000427,3.1586213141529473
7,96,16,0.48513519999994514,4.62063135685444
8,48,8,0.25108769999997094,5.620267213858442
