,DOF,k,runtime,maxE
0,24,4,0.23563579999999984,0.0011120542393950258
1,48,5,0.5070684000000001,0.00025516783567843676
2,96,6,1.7079782999999997,5.133465346729427e-05
3,192,7,6.2005205,9.796479443931888e-06
4,384,8,26.785902200000002,1.8401494164162202e-06
5,768,9,106.2615253,3.0132495442564133e-07
