,DOF,ncols,runtime,maxE
0,24576,2048,657.1453267999999,1.0679564965698773e-06
1,12288,1024,330.77621780000004,4.5361227662965575e-06
2,6144,512,124.59747019999986,1.843742062135334e-05
3,3072,256,50.19309679999992,7.44001721457721e-05
4,1536,128,19.702436799999987,0.0003009401757410046
5,768,64,8.578413599999976,0.001227949035055076
6,384,32,4.125114500000109,0.0051028080234303275
7,192,16,1.825971700000082,0.021899809698396666
8,96,8,0.7818285999999262,0.09771915908453366
