,DOF,ncols,runtime,maxE
0,6144,2048,33.1662829,4.383479966341142e-06
1,3072,1024,11.2586668,2.954445510655601e-05
2,1536,512,4.608257399999999,0.000175864036104173
3,768,256,2.2136143999999973,0.0009828016138450912
4,384,128,1.3757798999999977,0.005022965689836734
5,192,64,0.7806671999999963,0.02257055513733297
6,96,32,0.44014330000000257,0.07176746113231447
7,48,16,0.26089379999999807,0.15387759780507348
8,24,8,0.19439320000000038,0.2883987932252136
