runtime_e,maxE_e,runtime_i,maxE_i,DOF,nCellu,polyDegu,polyDegPoreu
0.1523249,0.000148442841904739,0.1533092,0.0001129208277887983,80,2,4,1
0.7042413,1.404525676917956e-5,0.6409025,3.112639973323894e-6,160,4,4,1
3.6541472,3.21476370856999e-7,3.6803919,6.402705565733413e-8,320,8,4,1
0.2176222,0.00011621159536900905,0.2121717,5.3179272839543046e-5,96,2,5,1
1.0458026,9.146082149413814e-6,0.9765068,6.40035949572848e-7,192,4,5,1
5.8125284,1.6648225908966197e-7,5.8827252,1.8449561878242093e-8,384,8,5,1
0.3109619,5.924480834096357e-5,0.2843849,2.5220980155893358e-5,112,2,6,1
1.5813784,4.56364075773763e-6,1.4134322,3.5747325455304235e-7,224,4,6,1
8.6824157,6.853532852346689e-8,8.6218538,2.3705950980001944e-8,448,8,6,1
