runtime_e,maxE_e,runtime_i,maxE_i,DOF,nCellu,polyDegu,polyDegPoreu
0.1663106,0.000148442841904739,0.1795649,0.0001129208277887983,80,2,4,1
0.9848295,1.404525676917956e-5,0.7408892,3.112639973323894e-6,160,4,4,1
4.4647836,3.21476370856999e-7,4.4404542,6.402705565733413e-8,320,8,4,1
0.2498298,0.00011621159536900905,0.2381162,5.3179272839543046e-5,96,2,5,1
1.2003389,9.146082149413814e-6,1.1268715,6.40035949572848e-7,192,4,5,1
7.0267652,1.6648225908966197e-7,7.0982771,1.8449561878242093e-8,384,8,5,1
0.3633657,5.924480834096357e-5,0.3230524,2.5220980155893358e-5,112,2,6,1
1.8954611,4.56364075773763e-6,1.658707,3.5747325455304235e-7,224,4,6,1
10.6166564,6.853532852346689e-8,10.5585288,2.3705950980001944e-8,448,8,6,1
