,DOF,ncols,runtime,maxE
0,4096,512,15.097808600000008,2.3687342647349396e-06
1,2048,256,6.258957100000089,9.511070345524786e-06
2,1024,128,2.526774899999964,3.813520898887646e-05
3,512,64,1.237729399999921,0.0001529754594500332
4,256,32,0.5938671000000113,0.0006151884284548714
5,128,16,0.3349130999999943,0.002485944852793409
6,64,8,0.21750589999999193,0.010135933227900296
