,DOF,k,runtime,maxE
0,96,4,1.280914700000011,1.1041103842773623
1,192,5,4.452013699999981,0.25992119934477387
2,384,6,16.1338547,0.0538203772333361
3,768,7,71.77306389999998,0.010421531948288987
