,DOF,k,runtime,maxE
0,48,4,0.36819329999999995,0.234931212990094
1,96,5,0.9775479999999999,0.05607518617212737
2,192,6,3.2594954000000005,0.011181341724094462
3,384,7,13.2728531,0.001903377997039879
4,768,8,62.352810500000004,0.0003446915764842018
5,1536,9,266.9605351,5.9520154366943245e-05
